{
  "schema_version": "2.0",
  "name": "Comb 10x10 5mm",
  "family": "multishank",
  "params": {
    "n_shanks": 10,
    "contacts_per_shank": 10,
    "contact_pitch_mm": 0.555556,
    "shank_pitch_mm": 0.5,
    "shank_lengths": [
      5.0,
      5.0,
      5.0,
      5.0,
      5.0,
      5.0,
      5.0,
      5.0,
      5.0,
      5.0
    ],
    "default_shank_length_mm": 5.0,
    "shank_width_um": 70.0,
    "arrangement": "single_row",
    "stagger_mode": "none",
    "stagger_mm": 0.0,
    "tip_angle_deg": 20.0,
    "contact_diameter_um": 12.0
  },
  "contacts_local": [
    [
      0.0,
      0.0,
      0.0
    ],
    [
      0.0,
      0.0,
      0.555556
    ],
    [
      0.0,
      0.0,
      1.111111
    ],
    [
      0.0,
      0.0,
      1.666667
    ],
    [
      0.0,
      0.0,
      2.222222
    ],
    [
      0.0,
      0.0,
      2.777778
    ],
    [
      0.0,
      0.0,
      3.333333
    ],
    [
      0.0,
      0.0,
      3.888889
    ],
    [
      0.0,
      0.0,
      4.444444
    ],
    [
      0.0,
      0.0,
      5.0
    ],
    [
      0.5,
      0.0,
      0.0
    ],
    [
      0.5,
      0.0,
      0.555556
    ],
    [
      0.5,
      0.0,
      1.111111
    ],
    [
      0.5,
      0.0,
      1.666667
    ],
    [
      0.5,
      0.0,
      2.222222
    ],
    [
      0.5,
      0.0,
      2.777778
    ],
    [
      0.5,
      0.0,
      3.333333
    ],
    [
      0.5,
      0.0,
      3.888889
    ],
    [
      0.5,
      0.0,
      4.444444
    ],
    [
      0.5,
      0.0,
      5.0
    ],
    [
      1.0,
      0.0,
      0.0
    ],
    [
      1.0,
      0.0,
      0.555556
    ],
    [
      1.0,
      0.0,
      1.111111
    ],
    [
      1.0,
      0.0,
      1.666667
    ],
    [
      1.0,
      0.0,
      2.222222
    ],
    [
      1.0,
      0.0,
      2.777778
    ],
    [
      1.0,
      0.0,
      3.333333
    ],
    [
      1.0,
      0.0,
      3.888889
    ],
    [
      1.0,
      0.0,
      4.444444
    ],
    [
      1.0,
      0.0,
      5.0
    ],
    [
      1.5,
      0.0,
      0.0
    ],
    [
      1.5,
      0.0,
      0.555556
    ],
    [
      1.5,
      0.0,
      1.111111
    ],
    [
      1.5,
      0.0,
      1.666667
    ],
    [
      1.5,
      0.0,
      2.222222
    ],
    [
      1.5,
      0.0,
      2.777778
    ],
    [
      1.5,
      0.0,
      3.333333
    ],
    [
      1.5,
      0.0,
      3.888889
    ],
    [
      1.5,
      0.0,
      4.444444
    ],
    [
      1.5,
      0.0,
      5.0
    ],
    [
      2.0,
      0.0,
      0.0
    ],
    [
      2.0,
      0.0,
      0.555556
    ],
    [
      2.0,
      0.0,
      1.111111
    ],
    [
      2.0,
      0.0,
      1.666667
    ],
    [
      2.0,
      0.0,
      2.222222
    ],
    [
      2.0,
      0.0,
      2.777778
    ],
    [
      2.0,
      0.0,
      3.333333
    ],
    [
      2.0,
      0.0,
      3.888889
    ],
    [
      2.0,
      0.0,
      4.444444
    ],
    [
      2.0,
      0.0,
      5.0
    ],
    [
      2.5,
      0.0,
      0.0
    ],
    [
      2.5,
      0.0,
      0.555556
    ],
    [
      2.5,
      0.0,
      1.111111
    ],
    [
      2.5,
      0.0,
      1.666667
    ],
    [
      2.5,
      0.0,
      2.222222
    ],
    [
      2.5,
      0.0,
      2.777778
    ],
    [
      2.5,
      0.0,
      3.333333
    ],
    [
      2.5,
      0.0,
      3.888889
    ],
    [
      2.5,
      0.0,
      4.444444
    ],
    [
      2.5,
      0.0,
      5.0
    ],
    [
      3.0,
      0.0,
      0.0
    ],
    [
      3.0,
      0.0,
      0.555556
    ],
    [
      3.0,
      0.0,
      1.111111
    ],
    [
      3.0,
      0.0,
      1.666667
    ],
    [
      3.0,
      0.0,
      2.222222
    ],
    [
      3.0,
      0.0,
      2.777778
    ],
    [
      3.0,
      0.0,
      3.333333
    ],
    [
      3.0,
      0.0,
      3.888889
    ],
    [
      3.0,
      0.0,
      4.444444
    ],
    [
      3.0,
      0.0,
      5.0
    ],
    [
      3.5,
      0.0,
      0.0
    ],
    [
      3.5,
      0.0,
      0.555556
    ],
    [
      3.5,
      0.0,
      1.111111
    ],
    [
      3.5,
      0.0,
      1.666667
    ],
    [
      3.5,
      0.0,
      2.222222
    ],
    [
      3.5,
      0.0,
      2.777778
    ],
    [
      3.5,
      0.0,
      3.333333
    ],
    [
      3.5,
      0.0,
      3.888889
    ],
    [
      3.5,
      0.0,
      4.444444
    ],
    [
      3.5,
      0.0,
      5.0
    ],
    [
      4.0,
      0.0,
      0.0
    ],
    [
      4.0,
      0.0,
      0.555556
    ],
    [
      4.0,
      0.0,
      1.111111
    ],
    [
      4.0,
      0.0,
      1.666667
    ],
    [
      4.0,
      0.0,
      2.222222
    ],
    [
      4.0,
      0.0,
      2.777778
    ],
    [
      4.0,
      0.0,
      3.333333
    ],
    [
      4.0,
      0.0,
      3.888889
    ],
    [
      4.0,
      0.0,
      4.444444
    ],
    [
      4.0,
      0.0,
      5.0
    ],
    [
      4.5,
      0.0,
      0.0
    ],
    [
      4.5,
      0.0,
      0.555556
    ],
    [
      4.5,
      0.0,
      1.111111
    ],
    [
      4.5,
      0.0,
      1.666667
    ],
    [
      4.5,
      0.0,
      2.222222
    ],
    [
      4.5,
      0.0,
      2.777778
    ],
    [
      4.5,
      0.0,
      3.333333
    ],
    [
      4.5,
      0.0,
      3.888889
    ],
    [
      4.5,
      0.0,
      4.444444
    ],
    [
      4.5,
      0.0,
      5.0
    ]
  ],
  "shanks": [
    {
      "x_mm": 0.0,
      "y_mm": 0.0,
      "length_mm": 5.0,
      "contacts": 10
    },
    {
      "x_mm": 0.5,
      "y_mm": 0.0,
      "length_mm": 5.0,
      "contacts": 10
    },
    {
      "x_mm": 1.0,
      "y_mm": 0.0,
      "length_mm": 5.0,
      "contacts": 10
    },
    {
      "x_mm": 1.5,
      "y_mm": 0.0,
      "length_mm": 5.0,
      "contacts": 10
    },
    {
      "x_mm": 2.0,
      "y_mm": 0.0,
      "length_mm": 5.0,
      "contacts": 10
    },
    {
      "x_mm": 2.5,
      "y_mm": 0.0,
      "length_mm": 5.0,
      "contacts": 10
    },
    {
      "x_mm": 3.0,
      "y_mm": 0.0,
      "length_mm": 5.0,
      "contacts": 10
    },
    {
      "x_mm": 3.5,
      "y_mm": 0.0,
      "length_mm": 5.0,
      "contacts": 10
    },
    {
      "x_mm": 4.0,
      "y_mm": 0.0,
      "length_mm": 5.0,
      "contacts": 10
    },
    {
      "x_mm": 4.5,
      "y_mm": 0.0,
      "length_mm": 5.0,
      "contacts": 10
    }
  ],
  "trajectories_local": [
    [
      [
        0.0,
        0.0,
        -5.0
      ],
      [
        0.0,
        0.0,
        0.0
      ]
    ],
    [
      [
        0.5,
        0.0,
        -5.0
      ],
      [
        0.5,
        0.0,
        0.0
      ]
    ],
    [
      [
        1.0,
        0.0,
        -5.0
      ],
      [
        1.0,
        0.0,
        0.0
      ]
    ],
    [
      [
        1.5,
        0.0,
        -5.0
      ],
      [
        1.5,
        0.0,
        0.0
      ]
    ],
    [
      [
        2.0,
        0.0,
        -5.0
      ],
      [
        2.0,
        0.0,
        0.0
      ]
    ],
    [
      [
        2.5,
        0.0,
        -5.0
      ],
      [
        2.5,
        0.0,
        0.0
      ]
    ],
    [
      [
        3.0,
        0.0,
        -5.0
      ],
      [
        3.0,
        0.0,
        0.0
      ]
    ],
    [
      [
        3.5,
        0.0,
        -5.0
      ],
      [
        3.5,
        0.0,
        0.0
      ]
    ],
    [
      [
        4.0,
        0.0,
        -5.0
      ],
      [
        4.0,
        0.0,
        0.0
      ]
    ],
    [
      [
        4.5,
        0.0,
        -5.0
      ],
      [
        4.5,
        0.0,
        0.0
      ]
    ]
  ]
}