{
  "session_started": "2026-06-30T19:40:15.206958",
  "mapping_method": "paired",
  "coords_csv": "synthetic_4ecc_4el.csv",
  "valid_electrode_indices": [
    0,
    1,
    2,
    3,
    4,
    5,
    6,
    7,
    8,
    9,
    10,
    11,
    12,
    13,
    14,
    15,
    16,
    17,
    18,
    19
  ],
  "node_to_electrode": [
    0,
    1,
    2,
    3,
    4,
    5,
    6,
    7,
    8,
    9,
    10,
    11,
    12,
    13,
    14,
    15,
    16,
    17,
    18,
    19
  ],
  "coords_deg_true": [
    [
      0.68404,
      1.879385
    ],
    [
      1.879385,
      -0.68404
    ],
    [
      -0.68404,
      -1.879385
    ],
    [
      -1.879385,
      0.68404
    ],
    [
      3.064178,
      2.571132
    ],
    [
      2.571132,
      -3.064178
    ],
    [
      -3.064178,
      -2.571132
    ],
    [
      -2.571132,
      3.064178
    ],
    [
      5.638158,
      2.052121
    ],
    [
      2.052121,
      -5.638158
    ],
    [
      -5.638158,
      -2.052121
    ],
    [
      -2.052121,
      5.638158
    ],
    [
      4.0,
      6.928203
    ],
    [
      6.928203,
      -4.0
    ],
    [
      -4.0,
      -6.928203
    ],
    [
      -6.928203,
      4.0
    ],
    [
      9.829824,
      6.882917
    ],
    [
      6.882917,
      -9.829824
    ],
    [
      -9.829824,
      -6.882917
    ],
    [
      -6.882917,
      9.829824
    ]
  ],
  "strategy": "knn+struts",
  "k": 4,
  "n_long": 6,
  "both_directions": false,
  "rest_ms": 1000.0,
  "randomize": true,
  "random_seed": 1791434692,
  "pair_order": [
    [
      10,
      14
    ],
    [
      8,
      12
    ],
    [
      5,
      18
    ],
    [
      13,
      17
    ],
    [
      2,
      5
    ],
    [
      0,
      17
    ],
    [
      0,
      3
    ],
    [
      1,
      4
    ],
    [
      10,
      18
    ],
    [
      6,
      14
    ],
    [
      2,
      6
    ],
    [
      0,
      16
    ],
    [
      2,
      18
    ],
    [
      4,
      12
    ],
    [
      1,
      5
    ],
    [
      2,
      3
    ],
    [
      3,
      11
    ],
    [
      9,
      19
    ],
    [
      9,
      17
    ],
    [
      3,
      15
    ],
    [
      3,
      7
    ],
    [
      2,
      9
    ],
    [
      6,
      18
    ],
    [
      2,
      14
    ],
    [
      0,
      8
    ],
    [
      5,
      9
    ],
    [
      3,
      6
    ],
    [
      9,
      15
    ],
    [
      5,
      17
    ],
    [
      1,
      8
    ],
    [
      6,
      10
    ],
    [
      15,
      19
    ],
    [
      8,
      16
    ],
    [
      9,
      13
    ],
    [
      0,
      11
    ],
    [
      12,
      16
    ],
    [
      2,
      10
    ],
    [
      1,
      17
    ],
    [
      0,
      1
    ],
    [
      8,
      15
    ],
    [
      7,
      19
    ],
    [
      5,
      13
    ],
    [
      0,
      12
    ],
    [
      3,
      19
    ],
    [
      11,
      19
    ],
    [
      7,
      11
    ],
    [
      3,
      10
    ],
    [
      11,
      15
    ],
    [
      14,
      18
    ],
    [
      1,
      13
    ],
    [
      4,
      16
    ],
    [
      1,
      2
    ],
    [
      0,
      7
    ],
    [
      1,
      9
    ],
    [
      4,
      8
    ],
    [
      7,
      15
    ],
    [
      0,
      4
    ],
    [
      13,
      15
    ]
  ],
  "n_pairs_undirected": 58,
  "n_pairs_directed": 58
}