electrode_index,repetition_number,centroid_x_px,centroid_y_px,centroid_x_deg,centroid_y_deg,n_pixels,fill_ratio,dx_to_stim_px,dy_to_stim_px,distance_to_stim_px,dx_to_stim_deg,dy_to_stim_deg,distance_to_stim_deg
3,5,1204.2243172875349,742.5148741113322,-1.6565406192975018,-0.49220016460051297,1,1.0,10.22431728753486,54.51487411133223,55.46537806028717,0.22351493625805374,1.1917557201560687,1.2125347925957224
3,4,1164.4577968219949,767.1278706392739,-2.5258809416969457,-1.0302676164752367,1,1.0,-29.54220317800514,79.12787063927385,84.4627828130011,-0.6458253861413902,1.7298231720307924,1.846450279828663
3,1,1155.5564934486738,731.3293652094509,-2.7204733237748258,-0.2476725116621624,1,1.0,-38.44350655132621,43.329365209450884,57.925271561002056,-0.8404177682192702,0.947228067217718,1.2663107977363506
3,10,1196.226096527627,733.5145432332663,-1.8313906120210415,-0.2954429312383493,1,1.0,2.226096527627078,45.514543233266295,45.568949422640635,0.04866494353451418,0.9949984867939049,0.9961878665449494
3,2,1164.3780337744154,750.7157165934037,-2.527624650542642,-0.6714796933057982,1,1.0,-29.62196622558463,62.71571659340373,69.35936844359104,-0.6475690949870863,1.3710352488613538,1.5162728601418376
3,3,1170.2500305772176,716.9101145850738,-2.399256275992494,0.06754832837630427,1,1.0,-23.749969422782442,28.910114585073757,37.41464650247541,-0.5192007204369384,0.6320072271792513,0.8179257443735597
3,8,1122.3457175138487,770.1328937652792,-3.4464977865722513,-1.0959607609242974,1,1.0,-71.65428248615126,82.13289376527916,108.99609367708457,-1.5664422310166957,1.7955163164798529,2.3827757145518214
3,7,1215.3693582670219,734.2467550492571,-1.4128976401070494,-0.3114498951045928,1,1.0,21.36935826702188,46.246755049257104,50.945184515617605,0.4671579154485061,1.0110054506601485,1.1137183392719738
3,6,1141.1473126899107,723.2877313895443,-3.0354740253622308,-0.0718734612103161,1,1.0,-52.85268731008932,35.28773138954432,63.55022063312376,-1.155418469806675,0.7714290167658717,1.3892784343963445
