electrode_index,repetition_number,centroid_x_px,centroid_y_px,centroid_x_deg,centroid_y_deg,n_pixels,fill_ratio,dx_to_stim_px,dy_to_stim_px,distance_to_stim_px,dx_to_stim_deg,dy_to_stim_deg,distance_to_stim_deg
19,10,1237.617310593387,741.5413933213662,-0.9265326823056799,-0.4709187928865327,1,1.0,272.61731059338695,471.5413933213662,544.6755765137873,5.95971731769432,10.308418792886533,11.907213297676405
19,3,950.8500519162164,314.96718731577033,-7.1955835872760465,8.854467321735799,1,1.0,-14.149948083783556,44.96718731577033,47.140947867701456,-0.3093335872760461,0.9830326782642015,1.030553499218918
19,8,876.7347583907549,315.9139545528493,-8.815826254068774,8.833769937969656,1,1.0,-88.2652416092451,45.913954552849304,99.49293492012146,-1.9295762540687749,1.0037300620303446,2.175026105059322
19,7,878.006334725251,282.13061770095925,-8.788028182534097,9.572311218592919,1,1.0,-86.99366527474899,12.130617700959249,87.8353555451442,-1.901778182534096,0.26518878140708135,1.9201784670563469
19,6,969.5713544901839,402.0799662041178,-6.786315111561813,6.950085183259981,1,1.0,4.571354490183921,132.0799662041178,132.15905097402836,0.09993488843818739,2.8874148167400198,2.889143697682231
19,4,901.5098102761598,272.57523493649563,-8.274216092018396,9.781202502916054,1,1.0,-63.49018972384022,2.575234936495633,63.54239550211633,-1.3879660920183958,0.0562974970839462,1.389107368337932
19,2,939.5927741953301,287.60941240940537,-7.441680186340978,9.45253867871661,1,1.0,-25.407225804669906,17.609412409405365,30.913080216859726,-0.5554301863409783,0.3849613212833895,0.6757942814074612
19,9,887.5648057547709,343.68054014193467,-8.579069385305425,8.226761525230485,1,1.0,-77.43519424522913,73.68054014193467,106.8879380632053,-1.6928193853054256,1.6107384747695164,2.336689090437294
19,5,981.4573724079833,360.34489561313023,-6.526473553192144,7.862460198679625,1,1.0,16.457372407983257,90.34489561313023,91.83161367373681,0.3597764468078562,1.975039801320375,2.007541110034191
